{
  "n": 2190,
  "resid_std": 0.239699,
  "delta_p10": -0.13052,
  "delta_p50": -0.00575,
  "delta_p90": 0.10577,
  "r2_oos": 0.9627,
  "band_hit_rate": 0.8
}