{
  "n": 2190,
  "resid_std": 0.201119,
  "delta_p10": -0.14663,
  "delta_p50": 0.00535,
  "delta_p90": 0.17691,
  "r2_oos": 0.9898,
  "band_hit_rate": 0.8
}