{
  "n": 2190,
  "resid_std": 0.34004,
  "delta_p10": -0.29791,
  "delta_p50": -0.02155,
  "delta_p90": 0.19953,
  "r2_oos": 0.3372,
  "band_hit_rate": 0.8
}