{
  "n": 1339,
  "resid_std": 0.398402,
  "delta_p10": -0.26298,
  "delta_p50": 0.0076,
  "delta_p90": 0.2379,
  "r2_oos": 0.9698,
  "band_hit_rate": 0.8006
}