{
  "n": 1339,
  "resid_std": 0.385641,
  "delta_p10": -0.11708,
  "delta_p50": 0.026,
  "delta_p90": 0.35524,
  "r2_oos": 0.9107,
  "band_hit_rate": 0.7999
}