{
  "n": 1339,
  "resid_std": 0.321618,
  "delta_p10": -0.12116,
  "delta_p50": 0.0386,
  "delta_p90": 0.25812,
  "r2_oos": 0.5489,
  "band_hit_rate": 0.7999
}